{"cameraMode":{"drawMode":0,"name":"Shaded","section":"Shading Mode"},"sceneLighting":true,"audioPlay":false,"sceneViewState":{"m_AlwaysRefresh":false,"showFog":true,"showSkybox":true,"showFlares":true,"showImageEffects":true,"showParticleSystems":true,"showVisualEffectGraphs":true,"m_FxEnabled":true},"in2DMode":false,"pivot":{"x":5.124309539794922,"y":233.24685668945313,"z":-184.36473083496095},"rotation":{"x":0.5349845886230469,"y":0.030464090406894685,"z":-0.020515097305178644,"w":0.8442181944847107},"size":170.3819580078125,"orthographic":true}