{"cameraMode":{"drawMode":0,"name":"Shaded","section":"Shading Mode"},"sceneLighting":true,"audioPlay":false,"sceneViewState":{"m_AlwaysRefresh":false,"showFog":true,"showSkybox":true,"showFlares":true,"showImageEffects":true,"showParticleSystems":true,"showVisualEffectGraphs":true,"m_FxEnabled":true},"in2DMode":false,"pivot":{"x":60.739192962646487,"y":212.44175720214845,"z":-48.53953552246094},"rotation":{"x":0.036884091794490817,"y":-0.038296252489089969,"z":0.00023562197748105973,"w":0.9987174272537231},"size":268.38934326171877,"orthographic":true}