{"cameraMode":{"drawMode":0,"name":"Shaded","section":"Shading Mode"},"sceneLighting":true,"audioPlay":false,"sceneViewState":{"m_AlwaysRefresh":false,"showFog":true,"showSkybox":true,"showFlares":true,"showImageEffects":true,"showParticleSystems":true,"showVisualEffectGraphs":true,"m_FxEnabled":true},"in2DMode":false,"pivot":{"x":767.4319458007813,"y":73.80548095703125,"z":-19.39080810546875},"rotation":{"x":0.01737825945019722,"y":0.03001982718706131,"z":-0.0005680207978002727,"w":0.999485433101654},"size":165.0319366455078,"orthographic":true}