{"cameraMode":{"drawMode":0,"name":"Shaded","section":"Shading Mode"},"sceneLighting":true,"audioPlay":false,"sceneViewState":{"m_AlwaysRefresh":false,"showFog":true,"showSkybox":true,"showFlares":true,"showImageEffects":true,"showParticleSystems":true,"showVisualEffectGraphs":true,"m_FxEnabled":true},"in2DMode":false,"pivot":{"x":-15.783451080322266,"y":116.9842529296875,"z":-5.702972412109375},"rotation":{"x":0.16809873282909394,"y":-0.0038863285444676878,"z":-0.00023666402557864785,"w":0.985889732837677},"size":2178.364013671875,"orthographic":true}