{"cameraMode":{"drawMode":0,"name":"Shaded","section":"Shading Mode"},"sceneLighting":true,"audioPlay":false,"sceneViewState":{"m_AlwaysRefresh":false,"showFog":true,"showSkybox":true,"showFlares":true,"showImageEffects":true,"showParticleSystems":true,"showVisualEffectGraphs":true,"m_FxEnabled":true},"in2DMode":false,"pivot":{"x":305.43603515625,"y":98.33092498779297,"z":1.4984130859375},"rotation":{"x":-0.005102274473756552,"y":0.028496453538537027,"z":0.0001427784445695579,"w":0.9995875358581543},"size":188.38217163085938,"orthographic":true}