{"cameraMode":{"drawMode":0,"name":"Shaded","section":"Shading Mode"},"sceneLighting":true,"audioPlay":false,"sceneViewState":{"m_AlwaysRefresh":false,"showFog":true,"showSkybox":true,"showFlares":true,"showImageEffects":true,"showParticleSystems":true,"showVisualEffectGraphs":true,"m_FxEnabled":true},"in2DMode":false,"pivot":{"x":495.3170166015625,"y":267.07958984375,"z":56.38197326660156},"rotation":{"x":0.014368277043104172,"y":0.0021998167503625156,"z":-0.0012086854549124838,"w":1.000025749206543},"size":663.5599365234375,"orthographic":true}