{"cameraMode":{"drawMode":0,"name":"Shaded","section":"Shading Mode"},"sceneLighting":true,"audioPlay":false,"sceneViewState":{"m_AlwaysRefresh":false,"showFog":true,"showSkybox":true,"showFlares":true,"showImageEffects":true,"showParticleSystems":true,"showVisualEffectGraphs":true,"m_FxEnabled":true},"in2DMode":false,"pivot":{"x":547.7105712890625,"y":270.1250305175781,"z":37.33375549316406},"rotation":{"x":-0.0051114317029714588,"y":-0.01577879674732685,"z":-0.001082440372556448,"w":0.9999919533729553},"size":366.4112548828125,"orthographic":true}